mean_fit_time,std_fit_time,mean_score_time,std_score_time,param_tree__criterion,param_tree__max_depth,param_tree__min_samples_leaf,params,split0_test_score,split1_test_score,split2_test_score,split3_test_score,split4_test_score,mean_test_score,std_test_score,rank_test_score
6.587013244628906,3.4516860339591653,0.12416343688964844,0.05898471628633332,gini,10,1,"{'tree__criterion': 'gini', 'tree__max_depth': 10, 'tree__min_samples_leaf': 1}",0.5106349199643163,0.5202984818796506,0.5211792769669172,0.5083014347610412,0.515075702886328,0.5150979632916506,0.005101760890826112,29
15.457611656188964,3.65338978231885,0.21842379570007325,0.09042301726214448,gini,10,5,"{'tree__criterion': 'gini', 'tree__max_depth': 10, 'tree__min_samples_leaf': 5}",0.5107252616952191,0.5198979916420817,0.5210572344906396,0.5080515127772057,0.5147327846638593,0.514892957053801,0.005044787153773805,30
11.88257303237915,3.4359903144812396,0.2155618667602539,0.10413422374081287,gini,10,20,"{'tree__criterion': 'gini', 'tree__max_depth': 10, 'tree__min_samples_leaf': 20}",0.5088271764257998,0.5179635686876767,0.5183480095893137,0.5057100706245216,0.5122981139179571,0.5126293878490538,0.004971913611589827,31
12.417394781112671,4.049349890518265,0.2429969310760498,0.10149039183717988,gini,10,50,"{'tree__criterion': 'gini', 'tree__max_depth': 10, 'tree__min_samples_leaf': 50}",0.5007662767594049,0.5107255722020351,0.5121276668920157,0.5026205587437459,0.5084735458498739,0.506942724089415,0.004480325922684217,37
16.18007712364197,4.718336191742401,0.17792048454284667,0.052287882768719283,gini,20,1,"{'tree__criterion': 'gini', 'tree__max_depth': 20, 'tree__min_samples_leaf': 1}",0.5632576143408995,0.5699054366622447,0.5846768523265489,0.5560230483802922,0.5668470381603459,0.5681419979740662,0.00947538060572042,4
10.410788249969482,3.6309517458435336,0.1448451042175293,0.06293542416720173,gini,20,5,"{'tree__criterion': 'gini', 'tree__max_depth': 20, 'tree__min_samples_leaf': 5}",0.5742586350216197,0.5760844798018799,0.5850768159256308,0.5513880495015864,0.5709005047369422,0.5715416969975318,0.011115742954367609,3
12.236610841751098,4.046237125307785,0.18152832984924316,0.08781794517643712,gini,20,20,"{'tree__criterion': 'gini', 'tree__max_depth': 20, 'tree__min_samples_leaf': 20}",0.5434393558752022,0.537388200833035,0.5437893189620341,0.5232647336996971,0.5385015001164641,0.5372766218972865,0.007459762737677295,20
11.395838928222656,4.125681718809901,0.14752187728881835,0.08323279004638737,gini,20,50,"{'tree__criterion': 'gini', 'tree__max_depth': 20, 'tree__min_samples_leaf': 50}",0.5091068021189159,0.5031335003553794,0.5125123235203662,0.502582011590381,0.5093736509923933,0.5073416577154871,0.0038559910765394905,36
16.15973491668701,1.5726890881745683,0.23702139854431153,0.057383627923524375,gini,30,1,"{'tree__criterion': 'gini', 'tree__max_depth': 30, 'tree__min_samples_leaf': 1}",0.5450202391172411,0.5537215896164914,0.5764785101528133,0.5532346326356811,0.5493569246347974,0.5555623792314048,0.010917287467855669,14
13.711607360839844,4.262241179110752,0.2249631404876709,0.08750748962298788,gini,30,5,"{'tree__criterion': 'gini', 'tree__max_depth': 30, 'tree__min_samples_leaf': 5}",0.5583219176228938,0.5612304858199865,0.5727931896108489,0.5458726040256693,0.5593862197140753,0.5595208833586948,0.00856513906147147,11
16.144758701324463,1.7256183820369884,0.19985713958740234,0.09900905767186856,gini,30,20,"{'tree__criterion': 'gini', 'tree__max_depth': 30, 'tree__min_samples_leaf': 20}",0.5290438578616816,0.52617190876405,0.5300137496677133,0.521786553816255,0.5296690943154603,0.5273370328850321,0.003088103199736665,27
14.906687498092651,2.1215876078120877,0.20636544227600098,0.12998318951248364,gini,30,50,"{'tree__criterion': 'gini', 'tree__max_depth': 30, 'tree__min_samples_leaf': 50}",0.5059027579257936,0.5004527803103693,0.5047533009705572,0.5024013756520975,0.5030933318943172,0.5033207093506269,0.0018889777939858003,38
16.93804512023926,4.054245521208742,0.14642915725708008,0.06373049204128303,gini,40,1,"{'tree__criterion': 'gini', 'tree__max_depth': 40, 'tree__min_samples_leaf': 1}",0.5480864537158116,0.5549965413240432,0.5687049312310802,0.5514745688958891,0.5469087538279096,0.5540342497989468,0.007859463544895692,16
19.67795844078064,0.8418220907371683,0.27469558715820314,0.04908280314697779,gini,40,5,"{'tree__criterion': 'gini', 'tree__max_depth': 40, 'tree__min_samples_leaf': 5}",0.5557855572497816,0.5613558537844319,0.569809271170411,0.5453236163556351,0.5596937352114644,0.5583936067543448,0.007980090309929189,13
17.34143958091736,1.9772269772569,0.30586605072021483,0.07808164410843947,gini,40,20,"{'tree__criterion': 'gini', 'tree__max_depth': 40, 'tree__min_samples_leaf': 20}",0.5304004804684843,0.5262567358663357,0.5300899638908679,0.5218062200968959,0.529287035743923,0.5275680872133014,0.0032328270167792566,25
13.98451132774353,4.773058594935915,0.2139894962310791,0.09775044217391744,gini,40,50,"{'tree__criterion': 'gini', 'tree__max_depth': 40, 'tree__min_samples_leaf': 50}",0.5059027579257936,0.5003854482354304,0.504667156459077,0.5025212680793917,0.5031259190038762,0.5033205099407138,0.0018853488749448312,39
19.0283362865448,2.523863447551087,0.1992802143096924,0.07065375955582652,gini,,1,"{'tree__criterion': 'gini', 'tree__max_depth': None, 'tree__min_samples_leaf': 1}",0.5510118481730844,0.5536297007401553,0.5665302139361452,0.5512813923653923,0.5489823431143412,0.5542870996658238,0.006296475381841406,15
12.682273340225219,4.363428392790019,0.16809415817260742,0.0935451159686038,gini,,5,"{'tree__criterion': 'gini', 'tree__max_depth': None, 'tree__min_samples_leaf': 5}",0.5553520323635633,0.5616873841489484,0.5700604119021759,0.5448552885538899,0.560194255478176,0.5584298744893508,0.008279327333035094,12
13.893961477279664,5.491711358548558,0.16420469284057618,0.08735804996635306,gini,,20,"{'tree__criterion': 'gini', 'tree__max_depth': None, 'tree__min_samples_leaf': 20}",0.5304004804684843,0.5262567358663357,0.5300899638908679,0.5218062200968959,0.529287035743923,0.5275680872133014,0.0032328270167792566,25
16.13782262802124,1.1938640683836585,0.2158824920654297,0.06630071736820191,gini,,50,"{'tree__criterion': 'gini', 'tree__max_depth': None, 'tree__min_samples_leaf': 50}",0.5059027579257936,0.5003854482354304,0.504667156459077,0.5025212680793917,0.5031259190038762,0.5033205099407138,0.0018853488749448312,39
14.910837078094483,5.038441643005108,0.24250922203063965,0.09171650727401282,entropy,10,1,"{'tree__criterion': 'entropy', 'tree__max_depth': 10, 'tree__min_samples_leaf': 1}",0.5383363633028803,0.5295466805088349,0.5379019770134132,0.5451136958687787,0.5424717976557877,0.5386741028699389,0.005289819070414842,18
15.363104486465454,5.760612895607473,0.21822280883789064,0.018893723815669086,entropy,10,5,"{'tree__criterion': 'entropy', 'tree__max_depth': 10, 'tree__min_samples_leaf': 5}",0.5380206419687225,0.5285438307555185,0.5381291660486676,0.5464479861200253,0.5414942510842315,0.5385271751954331,0.005858753082861126,19
16.581140661239623,2.659605826289597,0.2124546527862549,0.04408504160540077,entropy,10,20,"{'tree__criterion': 'entropy', 'tree__max_depth': 10, 'tree__min_samples_leaf': 20}",0.5321385773100706,0.523460225945973,0.532841215991062,0.5344682035521664,0.5337161527739049,0.5313248751146353,0.004010307468821656,24
14.753759956359863,5.749482247750553,0.17113165855407714,0.12677957699963668,entropy,10,50,"{'tree__criterion': 'entropy', 'tree__max_depth': 10, 'tree__min_samples_leaf': 50}",0.5191995655905687,0.5142058685077818,0.5180346335731565,0.5222226570633925,0.5200543990053186,0.5187434247480436,0.0026504179685008923,28
19.95408425331116,9.561886722001477,0.13489193916320802,0.0585291757469831,entropy,20,1,"{'tree__criterion': 'entropy', 'tree__max_depth': 20, 'tree__min_samples_leaf': 1}",0.5786256174833928,0.5743040991093008,0.585219996968835,0.5731757269489012,0.5704139993254026,0.5763478879671664,0.005164360226025447,1
26.12752447128296,5.02461782364894,0.17511167526245117,0.06184284539321869,entropy,20,5,"{'tree__criterion': 'entropy', 'tree__max_depth': 20, 'tree__min_samples_leaf': 5}",0.578238248480349,0.5747066085176247,0.5830632521676427,0.5720469553036355,0.5721524012091976,0.5760414931356899,0.004171189743827699,2
19.173381519317626,7.189112459464307,0.16606850624084474,0.0872824297845231,entropy,20,20,"{'tree__criterion': 'entropy', 'tree__max_depth': 20, 'tree__min_samples_leaf': 20}",0.5474736309423776,0.5381712268217111,0.5393992885927666,0.5355556085384745,0.5391342803639431,0.5399468070518545,0.0040012089047722936,17
18.502404356002806,7.1239668986367946,0.12546882629394532,0.061376207313757536,entropy,20,50,"{'tree__criterion': 'entropy', 'tree__max_depth': 20, 'tree__min_samples_leaf': 50}",0.5120965384351603,0.508677778078914,0.5128849207929289,0.5125099834521282,0.5107783772316326,0.5113895195981527,0.0015309197677609444,32
17.33029398918152,8.222803701283478,0.12916045188903807,0.07022111150773477,entropy,30,1,"{'tree__criterion': 'entropy', 'tree__max_depth': 30, 'tree__min_samples_leaf': 1}",0.5520420692203422,0.57104735073681,0.5705716450724903,0.5606539764447118,0.5601052104791625,0.5628840503907033,0.0071551704562394965,6
16.25300588607788,9.511931307177617,0.17082719802856444,0.04225830109389761,entropy,30,5,"{'tree__criterion': 'entropy', 'tree__max_depth': 30, 'tree__min_samples_leaf': 5}",0.5574615501596579,0.5600296090831116,0.5719834658650677,0.5631919403150227,0.5632120631961748,0.5631757257238069,0.004901585906941128,5
16.004039525985718,5.3652938636950775,0.18419342041015624,0.07187999355840824,entropy,30,20,"{'tree__criterion': 'entropy', 'tree__max_depth': 30, 'tree__min_samples_leaf': 20}",0.532087586019802,0.5292153932364734,0.5351324504594601,0.5305661795099544,0.5313820591586457,0.5316767336768671,0.0019742916968899923,23
17.334605073928834,4.439727802900197,0.17165689468383788,0.0848672088507773,entropy,30,50,"{'tree__criterion': 'entropy', 'tree__max_depth': 30, 'tree__min_samples_leaf': 50}",0.5067909816480791,0.5065230052104289,0.5108093724519968,0.5104236553977112,0.5070524171328158,0.5083198863682064,0.0018865945453093076,33
17.324791765213014,3.4981424093618556,0.19504742622375487,0.09611271601094652,entropy,40,1,"{'tree__criterion': 'entropy', 'tree__max_depth': 40, 'tree__min_samples_leaf': 1}",0.5517685598130302,0.5678544763305199,0.570255954719973,0.5599438014547319,0.5589233577786664,0.5617492300193843,0.006640742453102192,10
20.792691040039063,3.682180975327437,0.20633258819580078,0.08373001179524714,entropy,40,5,"{'tree__criterion': 'entropy', 'tree__max_depth': 40, 'tree__min_samples_leaf': 5}",0.5557292615990124,0.5614739463432479,0.5708594628371441,0.5609937559443962,0.5629778843249099,0.5624068622097421,0.004883238164781673,7
14.195124244689941,6.673280178832695,0.15817670822143554,0.09035445804669096,entropy,40,20,"{'tree__criterion': 'entropy', 'tree__max_depth': 40, 'tree__min_samples_leaf': 20}",0.5324525938686295,0.5290361143219198,0.5350495601040773,0.5308405838486286,0.5310924807751307,0.5316942665836771,0.001999487369168227,21
19.40314111709595,2.617017305359438,0.21331558227539063,0.025617947804699753,entropy,40,50,"{'tree__criterion': 'entropy', 'tree__max_depth': 40, 'tree__min_samples_leaf': 50}",0.5067909816480791,0.5065230052104289,0.5108093724519968,0.5104236553977112,0.5070524171328158,0.5083198863682064,0.0018865945453093076,33
20.598675107955934,1.9958489332023,0.17780637741088867,0.05520362560649354,entropy,,1,"{'tree__criterion': 'entropy', 'tree__max_depth': None, 'tree__min_samples_leaf': 1}",0.5523629168951827,0.5700818768553457,0.5689253991956582,0.561173599595268,0.5590374029668086,0.5623162391016526,0.006559133193590399,8
19.6961462020874,1.731157845196059,0.16461563110351562,0.0369464319288488,entropy,,5,"{'tree__criterion': 'entropy', 'tree__max_depth': None, 'tree__min_samples_leaf': 5}",0.5554563963248731,0.5613407790849751,0.5707450946029249,0.5614746744267136,0.5623437744269588,0.5622721437732892,0.004893952135726827,9
14.771514654159546,3.088219936542233,0.128059720993042,0.04077829437156359,entropy,,20,"{'tree__criterion': 'entropy', 'tree__max_depth': None, 'tree__min_samples_leaf': 20}",0.5324525938686295,0.5290361143219198,0.5350495601040773,0.5308405838486286,0.5310924807751307,0.5316942665836771,0.001999487369168227,21
12.948977756500245,1.18835568960588,0.1260303497314453,0.041539156299404946,entropy,,50,"{'tree__criterion': 'entropy', 'tree__max_depth': None, 'tree__min_samples_leaf': 50}",0.5067909816480791,0.5065230052104289,0.5108093724519968,0.5104236553977112,0.5070524171328158,0.5083198863682064,0.0018865945453093076,33
